sampleID	chr	pos	ref	alt
25ARC890-MyOPool	1	27024010	G	A
25ARC890-MyOPool	1	27100908	A	T
25ARC890-MyOPool	1	27100913	CAGCCTCAGCAGCAGCAGTT	-
25ARC890-MyOPool	1	27100934	-	AACTGCTGCTGCTGAGGCTG
25ARC890-MyOPool	1	27101380	A	C
25ARC890-MyOPool	1	27106597	CAGTTGGACCTATCTCCA	-
25ARC890-MyOPool	1	27106616	-	TGGAGATAGGTCCAACTG
25ARC890-MyOPool	1	43817934	TCCTAGGCCAGTAC	-
25ARC890-MyOPool	1	43817955	ACA	-
25ARC890-MyOPool	1	43817963	-	TGT
25ARC890-MyOPool	1	43817965	-	CTAAGGTACTGGCCTAGGACCCGGTGCAGGT
25ARC890-MyOPool	1	202302069	C	A
25ARC890-MyOPool	1	202302073	A	T
25ARC890-MyOPool	1	202302080	C	A
25ARC890-MyOPool	1	202302085	A	T
25ARC890-MyOPool	1	202302088	C	A
25ARC890-MyOPool	1	202302099	A	T
25ARC890-MyOPool	1	202302101	A	T
25ARC890-MyOPool	1	202302121	A	T
25ARC890-MyOPool	1	231502230	-	A
25ARC890-MyOPool	1	231503309	G	C
25ARC890-MyOPool	1	231557635	GGC	-
25ARC890-MyOPool	1	231557634	-	GGCGGCGGC
25ARC890-MyOPool	1	231557654	A	G
25ARC890-MyOPool	2	16082800	T	G
25ARC890-MyOPool	2	25505490	TGGGTAATAGCTCTGAGGCGCCTGAGTCCTGGG	-
25ARC890-MyOPool	2	25505528	-	CCCAGGACTCAGGCGCCTCAGAGCTATTACCCA
25ARC890-MyOPool	2	25967172	G	C
25ARC890-MyOPool	2	25967181	G	C
25ARC890-MyOPool	3	41275354	T	C
25ARC890-MyOPool	3	42449196	A	-
25ARC890-MyOPool	3	42449195	-	A
25ARC890-MyOPool	4	164049986	A	-
25ARC890-MyOPool	4	164050112	A	G
25ARC890-MyOPool	4	164050112	A	T
25ARC890-MyOPool	4	164050118	A	G
25ARC890-MyOPool	4	164050118	A	T
25ARC890-MyOPool	4	164050124	T	G
25ARC890-MyOPool	4	164050196	A	G
25ARC890-MyOPool	4	164050205	T	G
25ARC890-MyOPool	4	164050211	T	G
25ARC890-MyOPool	4	164050217	T	G
25ARC890-MyOPool	4	164087548	A	C
25ARC890-MyOPool	5	131825190	-	A
25ARC890-MyOPool	5	149441000	A	C
25ARC890-MyOPool	5	149441033	T	A
25ARC890-MyOPool	5	149441041	T	A
25ARC890-MyOPool	5	176942964	T	G
25ARC890-MyOPool	5	176943721	CTCACCAGTAGCTGCCGGCGCTGCCGTAACGGCACATAGGGCACG	-
25ARC890-MyOPool	6	41905014	A	G
25ARC890-MyOPool	6	79700563	C	T
25ARC890-MyOPool	6	79787188	G	T
25ARC890-MyOPool	6	135521394	T	C
25ARC890-MyOPool	6	135524303	C	G
25ARC890-MyOPool	7	92760803	C	G
25ARC890-MyOPool	7	101459401	G	C
25ARC890-MyOPool	7	101459405	G	C
25ARC890-MyOPool	7	101459410	T	G
25ARC890-MyOPool	7	101459437	G	C
25ARC890-MyOPool	7	101459483	G	T
25ARC890-MyOPool	7	101459882	C	G
25ARC890-MyOPool	7	101460055	C	A
25ARC890-MyOPool	7	101460839	C	G
25ARC890-MyOPool	7	101460844	C	G
25ARC890-MyOPool	7	101460850	T	A
25ARC890-MyOPool	7	101460856	C	G
25ARC890-MyOPool	7	101460861	C	G
25ARC890-MyOPool	7	101838869	A	G
25ARC890-MyOPool	7	101891786	-	TCCACGCCGTCGCAGCTGTCGCCCTCCGAGCT
25ARC890-MyOPool	7	101891798	AGCTCGGAGGGCGACAGCTGCGACGGCGTGGA	-
25ARC890-MyOPool	7	101892020	G	A
25ARC890-MyOPool	8	77618380	T	A
25ARC890-MyOPool	8	77618381	T	A
25ARC890-MyOPool	8	77618385	C	T
25ARC890-MyOPool	8	77690728	CA	-
25ARC890-MyOPool	8	77690747	AC	-
25ARC890-MyOPool	8	77764432	TCTGCCACATTTGGG	-
25ARC890-MyOPool	8	77764448	-	CCCAAATGTGGCAGA
25ARC890-MyOPool	8	77765289	A	C
25ARC890-MyOPool	8	77765292	A	C
25ARC890-MyOPool	8	77765331	T	A
25ARC890-MyOPool	8	77765340	T	A
25ARC890-MyOPool	8	77775823	T	G
25ARC890-MyOPool	9	22005933	T	G
25ARC890-MyOPool	9	86586805	-	GGCGGCCGGGGTGGTAGCAGAGCTCGGAATCTTCCTCTTCCTCCACCACCACCACCTAGAG
25ARC890-MyOPool	10	27382460	A	G
25ARC890-MyOPool	10	53423462	-	A
25ARC890-MyOPool	10	53423485	C	A
25ARC890-MyOPool	11	32413570	G	C
25ARC890-MyOPool	11	32456960	TGGG	-
25ARC890-MyOPool	11	64533310	G	T
25ARC890-MyOPool	11	64534334	T	A
25ARC890-MyOPool	11	64534335	C	A
25ARC890-MyOPool	11	64534338	A	C
25ARC890-MyOPool	11	64534348	A	C
25ARC890-MyOPool	11	64534352	G	C
25ARC890-MyOPool	11	64534356	A	C
25ARC890-MyOPool	11	64534360	T	A
25ARC890-MyOPool	11	64534364	C	A
25ARC890-MyOPool	11	64534367	C	A
25ARC890-MyOPool	11	64534385	C	G
25ARC890-MyOPool	11	64534456	A	T
25ARC890-MyOPool	11	64534474	A	G
25ARC890-MyOPool	11	64534478	A	T
25ARC890-MyOPool	11	64536958	C	G
25ARC890-MyOPool	11	64545892	C	T
25ARC890-MyOPool	11	118375359	ATCTCA	-
25ARC890-MyOPool	11	118375366	-	TGAGAT
25ARC890-MyOPool	12	12871159	A	T
25ARC890-MyOPool	12	12871171	C	A
25ARC890-MyOPool	12	12871183	C	G
25ARC890-MyOPool	12	12871198	C	G
25ARC890-MyOPool	12	12871202	G	T
25ARC890-MyOPool	12	12871207	C	G
25ARC890-MyOPool	12	12871222	G	T
25ARC890-MyOPool	12	12871239	G	C
25ARC890-MyOPool	12	22778093	-	TTCCTGTTGTCGGAGCTGGACCG
25ARC890-MyOPool	12	22778097	CATGCTCT	-
25ARC890-MyOPool	12	50024325	C	A
25ARC890-MyOPool	12	50025195	A	C
25ARC890-MyOPool	12	50025199	A	C
25ARC890-MyOPool	12	50025207	A	C
25ARC890-MyOPool	12	50025212	T	G
25ARC890-MyOPool	12	50025219	G	C
25ARC890-MyOPool	12	50025220	A	C
25ARC890-MyOPool	12	50025221	T	A
25ARC890-MyOPool	12	50025235	A	C
25ARC890-MyOPool	12	50025236	T	A
25ARC890-MyOPool	12	112856922	T	A
25ARC890-MyOPool	12	112924358	-	GCTGCACCTCCTCCAGGAAGTCCAGCACGCCCCCAG
25ARC890-MyOPool	12	122242595	C	G
25ARC890-MyOPool	12	122242603	A	C
25ARC890-MyOPool	12	122242658	C	-
25ARC890-MyOPool	12	122252114	G	C
25ARC890-MyOPool	12	122252115	G	C
25ARC890-MyOPool	12	122252363	T	A
25ARC890-MyOPool	12	122255481	G	C
25ARC890-MyOPool	12	122257416	G	C
25ARC890-MyOPool	12	122261234	A	C
25ARC890-MyOPool	12	122261380	A	G
25ARC890-MyOPool	14	99640816	C	G
25ARC890-MyOPool	14	99640824	G	C
25ARC890-MyOPool	14	99640832	C	G
25ARC890-MyOPool	14	99641256	C	G
25ARC890-MyOPool	14	99641656	-	AGCCCGGCA
25ARC890-MyOPool	14	99641662	TCGCTGGTGCCGGGCTCGGGG	-
25ARC890-MyOPool	14	99641687	-	GGCGGGCGAGGGCCTCAA
25ARC890-MyOPool	14	99642040	G	C
25ARC890-MyOPool	14	105243118	G	A
25ARC890-MyOPool	15	90631838	C	T
25ARC890-MyOPool	16	67670630	G	C
25ARC890-MyOPool	16	67670631	G	C
25ARC890-MyOPool	17	1554747	GGGTTGTCAGC	-
25ARC890-MyOPool	17	1554761	-	GCTGACAACCC
25ARC890-MyOPool	17	1584927	A	T
25ARC890-MyOPool	17	7573897	T	C
25ARC890-MyOPool	17	7749366	A	C
25ARC890-MyOPool	17	7749370	A	C
25ARC890-MyOPool	17	7749378	A	C
25ARC890-MyOPool	17	7749383	T	C
25ARC890-MyOPool	17	7749383	T	G
25ARC890-MyOPool	17	7749394	A	T
25ARC890-MyOPool	17	7749405	T	A
25ARC890-MyOPool	17	7749694	T	A
25ARC890-MyOPool	17	7749700	G	C
25ARC890-MyOPool	17	7749704	C	G
25ARC890-MyOPool	17	7749730	A	T
25ARC890-MyOPool	17	7749801	A	C
25ARC890-MyOPool	17	7749963	G	C
25ARC890-MyOPool	17	7750539	A	C
25ARC890-MyOPool	17	7750540	G	C
25ARC890-MyOPool	17	7750545	A	C
25ARC890-MyOPool	17	7751025	T	G
25ARC890-MyOPool	17	7751154	A	C
25ARC890-MyOPool	17	7751169	T	A
25ARC890-MyOPool	17	7751496	-	CACCTCGGGGGTCTTTGGGA
25ARC890-MyOPool	17	7751500	GTCTCCTTCCCAA	-
25ARC890-MyOPool	17	7751519	CCGAGGT	-
25ARC890-MyOPool	17	7752003	-	ACGGAGGCCAAGGATTTGAGCAGGCTGG
25ARC890-MyOPool	17	7752008	CCAGCCTGCTCAAATCCTTGGCCTCCGT	-
25ARC890-MyOPool	17	7752300	G	C
25ARC890-MyOPool	17	7752306	A	C
25ARC890-MyOPool	17	29508819	-	TT
25ARC890-MyOPool	17	29508819	-	T
25ARC890-MyOPool	17	29533415	C	G
25ARC890-MyOPool	17	29545987	-	TT
25ARC890-MyOPool	17	56769953	CAGCGA	-
25ARC890-MyOPool	17	56811614	T	C
25ARC890-MyOPool	17	74733288	C	T
25ARC890-MyOPool	18	42643501	T	G
25ARC890-MyOPool	18	42643519	A	C
25ARC890-MyOPool	19	855699	-	TCACGTTGAGC
25ARC890-MyOPool	19	856053	C	G
25ARC890-MyOPool	19	856061	C	G
25ARC890-MyOPool	19	856080	C	G
25ARC890-MyOPool	19	4047788	C	G
25ARC890-MyOPool	19	4047792	G	C
25ARC890-MyOPool	19	4047801	T	A
25ARC890-MyOPool	19	4047813	T	A
25ARC890-MyOPool	19	4047822	G	C
25ARC890-MyOPool	19	4054369	G	A
25ARC890-MyOPool	19	4054379	CGACA	-
25ARC890-MyOPool	19	4054385	-	TGTCG
25ARC890-MyOPool	19	4054452	-	GCCGA
25ARC890-MyOPool	19	4054457	CGGAAAGAGACCCCCGGTGGGGGCGTCCTCATCCCGCTCTGGCCACAGACCCGGGTTGCTGTCGCCCTCGTCCCCGT	-
25ARC890-MyOPool	19	10246754	A	G
25ARC890-MyOPool	19	10254721	G	T
25ARC890-MyOPool	19	10254724	A	C
25ARC890-MyOPool	19	10270331	T	G
25ARC890-MyOPool	19	10287991	G	C
25ARC890-MyOPool	19	11493734	T	A
25ARC890-MyOPool	19	11493738	T	A
25ARC890-MyOPool	19	11493745	T	C
25ARC890-MyOPool	19	23557361	-	AA
25ARC890-MyOPool	19	33792753	A	G
25ARC890-MyOPool	19	33792918	C	A
25ARC890-MyOPool	19	56171541	A	C
25ARC890-MyOPool	19	56171542	G	C
25ARC890-MyOPool	19	56171549	T	A
25ARC890-MyOPool	19	56171884	G	C
25ARC890-MyOPool	19	56173846	T	C
25ARC890-MyOPool	19	56173846	T	G
25ARC890-MyOPool	19	56173858	C	A
25ARC890-MyOPool	19	56173869	A	T
25ARC890-MyOPool	19	56173874	A	C
25ARC890-MyOPool	19	56179993	G	C
25ARC890-MyOPool	20	31024150	C	T
25ARC890-MyOPool	21	36164421	G	C
25ARC890-MyOPool	21	36164569	A	T
25ARC890-MyOPool	21	36164597	C	G
25ARC890-MyOPool	22	28192959	C	G
25ARC890-MyOPool	22	28193264	CTACCCCA	-
25ARC890-MyOPool	22	28193646	G	A
25ARC890-MyOPool	22	28193879	-	ACCCGGAGGCCCGTCCGGGACCAGT
25ARC890-MyOPool	22	28194249	TGGACCGCTGT	-
25ARC890-MyOPool	22	28194261	-	ACAGCGGTCCA
25ARC890-MyOPool	22	28194268	G	A
25ARC890-MyOPool	22	29095824	A	G
25ARC890-MyOPool	22	29130516	GTCTCTAAG	-
25ARC890-MyOPool	22	29130529	-	CCTTAGAGA
25ARC890-MyOPool	22	30731451	C	G
25ARC890-MyOPool	22	30737827	G	C
25ARC890-MyOPool	22	30752779	CATGACTGCGACGCTCAGGGCTGCCAGTCCGCCTCGGTGT	-
25ARC890-MyOPool	22	30752821	-	ACTGGCAGCCC
25ARC890-MyOPool	X	39923238	A	C
25ARC890-MyOPool	X	39923245	C	G
25ARC890-MyOPool	X	39923252	G	T
25ARC890-MyOPool	X	39923262	T	A
25ARC890-MyOPool	X	39923266	A	C
25ARC890-MyOPool	X	39923268	G	C
25ARC890-MyOPool	X	39923271	T	G
25ARC890-MyOPool	X	39923273	A	C
25ARC890-MyOPool	X	39923274	C	G
25ARC890-MyOPool	X	39923278	T	G
25ARC890-MyOPool	X	39923283	T	G
25ARC890-MyOPool	X	39923289	A	C
25ARC890-MyOPool	X	39932950	-	AGTTCATCA
25ARC890-MyOPool	X	39932955	GCCCATG	-
25ARC890-MyOPool	X	39932965	-	CATGGGC
25ARC890-MyOPool	X	39932970	TGATGAACT	-
25ARC890-MyOPool	X	39933693	G	C
25ARC890-MyOPool	X	44918223	T	-
25ARC890-MyOPool	X	44929119	-	CATCTGCCGTCATCTGATGGACATGATTAGGAAGTCCCTCGA
25ARC890-MyOPool	X	44966704	C	G
25ARC890-MyOPool	X	48652268	-	A
25ARC890-MyOPool	X	55039926	A	G
25ARC890-MyOPool	X	55057551	C	A
25ARC890-MyOPool	X	123195624	T	A
25ARC890-MyOPool	X	123195635	C	A
25ARC890-MyOPool	X	123217214	T	-
25ARC890-MyOPool	X	123224410	A	T
25ARC890-MyOPool	X	123224416	C	A
25ARC890-MyOPool	X	129146613	A	C
25ARC890-MyOPool	X	129147072	-	CAGGGGCACCAA
25ARC890-MyOPool	X	129147077	GCTTCTTGGTGC	-
25ARC890-MyOPool	X	129147874	T	A
25ARC890-MyOPool	X	129148192	-	AGGTAGGA
25ARC890-MyOPool	X	129148195	TCCTACCT	-
25ARC890-MyOPool	X	129162819	G	A
