"sampleID"	"chr"	"pos"	"ref"	"mut"	"gene"	"strand"	"ref_cod"	"mut_cod"	"ref3_cod"	"mut3_cod"	"aachange"	"ntchange"	"codonsub"	"impact"	"pid"
"25ARC890-MyOPool"	"1"	27024010	"G"	"A"	"ARID1A"	1	"G"	"A"	"AGC"	"AAC"	"Q372Q"	"G1116A"	"CAG>CAA"	"Synonymous"	"ENSP00000320485"
"25ARC890-MyOPool"	"1"	27100908	"A"	"T"	"ARID1A"	1	"A"	"T"	"CAG"	"CTG"	"Q1397L"	"A4190T"	"CAG>CTG"	"Missense"	"ENSP00000320485"
"25ARC890-MyOPool"	"1"	27100913	"CAGCCTCAGCAGCAGCAGTT"	"-"	"ARID1A"	1	"."	"."	"."	"."	"."	"4195-4214-delfrshift"	"."	"no-SNV"	"ENSP00000320485"
"25ARC890-MyOPool"	"1"	27100934	"-"	"AACTGCTGCTGCTGAGGCTG"	"ARID1A"	1	"."	"."	"."	"."	"."	"4215-4216-insfrshift"	"."	"no-SNV"	"ENSP00000320485"
"25ARC890-MyOPool"	"1"	27101380	"A"	"C"	"ARID1A"	1	"A"	"C"	"CAT"	"CCT"	"P1554P"	"A4662C"	"CCA>CCC"	"Synonymous"	"ENSP00000320485"
"25ARC890-MyOPool"	"1"	27106597	"CAGTTGGACCTATCTCCA"	"-"	"ARID1A"	1	"."	"."	"."	"."	"."	"6208-6225-delinframe"	"."	"no-SNV"	"ENSP00000320485"
"25ARC890-MyOPool"	"1"	27106616	"-"	"TGGAGATAGGTCCAACTG"	"ARID1A"	1	"."	"."	"."	"."	"."	"6226-6227-insfrshift"	"."	"no-SNV"	"ENSP00000320485"
"25ARC890-MyOPool"	"1"	43817934	"TCCTAGGCCAGTAC"	"-"	"MPL"	1	"."	"."	"."	"."	"."	"1613-1626-delfrshift"	"."	"no-SNV"	"ENSP00000361548"
"25ARC890-MyOPool"	"1"	43817955	"ACA"	"-"	"MPL"	1	"."	"."	"."	"."	"."	"1634-1636-delinframe"	"."	"no-SNV"	"ENSP00000361548"
"25ARC890-MyOPool"	"1"	43817963	"-"	"TGT"	"MPL"	1	"."	"."	"."	"."	"."	"1641-1642-insfrshift"	"."	"no-SNV"	"ENSP00000361548"
"25ARC890-MyOPool"	"1"	43817965	"-"	"CTAAGGTACTGGCCTAGGACCCGGTGCAGGT"	"MPL"	1	"."	"."	"."	"."	"."	"1643-1644-insfrshift"	"."	"no-SNV"	"ENSP00000361548"
"25ARC890-MyOPool"	"1"	231557634	"-"	"GGCGGCGGC"	"EGLN1"	-1	"."	"."	"."	"."	"."	"1-2-insfrshift"	"."	"no-SNV"	"ENSP00000355601"
"25ARC890-MyOPool"	"11"	32413570	"G"	"C"	"WT1"	-1	"C"	"G"	"TCT"	"TGT"	"F460L"	"C1380G"	"TTC>TTG"	"Missense"	"ENSP00000331327"
"25ARC890-MyOPool"	"11"	64534367	"C"	"A"	"SF1"	-1	"G"	"T"	"AGT"	"ATT"	"."	"."	"."	"Essential_Splice"	"ENSP00000366604"
"25ARC890-MyOPool"	"11"	64534385	"C"	"G"	"SF1"	-1	"G"	"C"	"TGC"	"TCC"	"L648F"	"G1944C"	"TTG>TTC"	"Missense"	"ENSP00000366604"
"25ARC890-MyOPool"	"11"	64534456	"A"	"T"	"SF1"	-1	"T"	"A"	"ATG"	"AAG"	"W625R"	"T1873A"	"TGG>AGG"	"Missense"	"ENSP00000366604"
"25ARC890-MyOPool"	"11"	64534474	"A"	"G"	"SF1"	-1	"T"	"C"	"CTC"	"CCC"	"S619P"	"T1855C"	"TCT>CCT"	"Missense"	"ENSP00000366604"
"25ARC890-MyOPool"	"11"	64534478	"A"	"T"	"SF1"	-1	"T"	"A"	"CTC"	"CAC"	"P617P"	"T1851A"	"CCT>CCA"	"Synonymous"	"ENSP00000366604"
"25ARC890-MyOPool"	"11"	64536958	"C"	"G"	"SF1"	-1	"G"	"C"	"AGC"	"ACC"	"E326D"	"G978C"	"GAG>GAC"	"Missense"	"ENSP00000366604"
"25ARC890-MyOPool"	"11"	118375359	"ATCTCA"	"-"	"KMT2A"	1	"."	"."	"."	"."	"."	"8752-8757-delinframe"	"."	"no-SNV"	"ENSP00000436786"
"25ARC890-MyOPool"	"11"	118375366	"-"	"TGAGAT"	"KMT2A"	1	"."	"."	"."	"."	"."	"8758-8759-insfrshift"	"."	"no-SNV"	"ENSP00000436786"
"25ARC890-MyOPool"	"12"	12871159	"A"	"T"	"CDKN1B"	1	"A"	"T"	"CAT"	"CTT"	"H129L"	"A386T"	"CAT>CTT"	"Missense"	"ENSP00000379629"
"25ARC890-MyOPool"	"12"	12871171	"C"	"A"	"CDKN1B"	1	"C"	"A"	"CCA"	"CAA"	"P133Q"	"C398A"	"CCA>CAA"	"Missense"	"ENSP00000379629"
"25ARC890-MyOPool"	"12"	12871183	"C"	"G"	"CDKN1B"	1	"C"	"G"	"CCG"	"CGG"	"P137R"	"C410G"	"CCG>CGG"	"Missense"	"ENSP00000379629"
"25ARC890-MyOPool"	"12"	12871198	"C"	"G"	"CDKN1B"	1	"C"	"G"	"ACG"	"AGG"	"T142R"	"C425G"	"ACG>AGG"	"Missense"	"ENSP00000379629"
"25ARC890-MyOPool"	"12"	12871202	"G"	"T"	"CDKN1B"	1	"G"	"T"	"GGT"	"GTT"	"G143G"	"G429T"	"GGG>GGT"	"Synonymous"	"ENSP00000379629"
"25ARC890-MyOPool"	"12"	12871207	"C"	"G"	"CDKN1B"	1	"C"	"G"	"GCG"	"GGG"	"A145G"	"C434G"	"GCG>GGG"	"Missense"	"ENSP00000379629"
"25ARC890-MyOPool"	"12"	12871222	"G"	"T"	"CDKN1B"	1	"G"	"T"	"GGA"	"GTA"	"G150V"	"G449T"	"GGA>GTA"	"Missense"	"ENSP00000379629"
"25ARC890-MyOPool"	"12"	12871239	"G"	"C"	"CDKN1B"	1	"G"	"C"	"TGC"	"TCC"	"A156P"	"G466C"	"GCA>CCA"	"Missense"	"ENSP00000379629"
"25ARC890-MyOPool"	"12"	22778097	"CATGCTCT"	"-"	"ETNK1"	1	"."	"."	"."	"."	"."	"1-7-delfrshift"	"."	"no-SNV"	"ENSP00000266517"
"25ARC890-MyOPool"	"12"	50025195	"A"	"C"	"PRPF40B"	1	"A"	"C"	"CAG"	"CCG"	"P32P"	"A96C"	"CCA>CCC"	"Synonymous"	"ENSP00000448073"
"25ARC890-MyOPool"	"12"	50025199	"A"	"C"	"PRPF40B"	1	"A"	"C"	"GAT"	"GCT"	"I34L"	"A100C"	"ATC>CTC"	"Missense"	"ENSP00000448073"
"25ARC890-MyOPool"	"12"	50025207	"A"	"C"	"PRPF40B"	1	"A"	"C"	"CAC"	"CCC"	"P36P"	"A108C"	"CCA>CCC"	"Synonymous"	"ENSP00000448073"
"25ARC890-MyOPool"	"12"	50025212	"T"	"G"	"PRPF40B"	1	"T"	"G"	"TTT"	"TGT"	"F38C"	"T113G"	"TTT>TGT"	"Missense"	"ENSP00000448073"
"25ARC890-MyOPool"	"12"	50025219	"G"	"C"	"PRPF40B"	1	"G"	"C"	"CGA"	"CCA"	"P40P"	"G120C"	"CCG>CCC"	"Synonymous"	"ENSP00000448073"
"25ARC890-MyOPool"	"12"	50025220	"A"	"C"	"PRPF40B"	1	"A"	"C"	"GAT"	"GCT"	"M41L"	"A121C"	"ATG>CTG"	"Missense"	"ENSP00000448073"
"25ARC890-MyOPool"	"12"	50025221	"T"	"A"	"PRPF40B"	1	"T"	"A"	"ATG"	"AAG"	"M41K"	"T122A"	"ATG>AAG"	"Missense"	"ENSP00000448073"
"25ARC890-MyOPool"	"12"	50025235	"A"	"C"	"PRPF40B"	1	"A"	"C"	"CAT"	"CCT"	"M46L"	"A136C"	"ATG>CTG"	"Missense"	"ENSP00000448073"
"25ARC890-MyOPool"	"12"	50025236	"T"	"A"	"PRPF40B"	1	"T"	"A"	"ATG"	"AAG"	"M46K"	"T137A"	"ATG>AAG"	"Missense"	"ENSP00000448073"
"25ARC890-MyOPool"	"12"	112856922	"T"	"A"	"PTPN11"	1	"T"	"A"	"ATC"	"AAC"	"S3T"	"T7A"	"TCG>ACG"	"Missense"	"ENSP00000340944"
"25ARC890-MyOPool"	"12"	112924358	"-"	"GCTGCACCTCCTCCAGGAAGTCCAGCACGCCCCCAG"	"PTPN11"	1	"."	"."	"."	"."	"."	"1303-1304-insfrshift"	"."	"no-SNV"	"ENSP00000340944"
"25ARC890-MyOPool"	"12"	122242658	"C"	"-"	"SETD1B"	1	"."	"."	"."	"."	"."	"15-15-delfrshift"	"."	"no-SNV"	"ENSP00000474253"
"25ARC890-MyOPool"	"12"	122252114	"G"	"C"	"SETD1B"	1	"G"	"C"	"AGG"	"ACG"	"G665R"	"G1993C"	"GGA>CGA"	"Missense"	"ENSP00000474253"
"25ARC890-MyOPool"	"12"	122252115	"G"	"C"	"SETD1B"	1	"G"	"C"	"GGA"	"GCA"	"G665A"	"G1994C"	"GGA>GCA"	"Missense"	"ENSP00000474253"
"25ARC890-MyOPool"	"12"	122252363	"T"	"A"	"SETD1B"	1	"T"	"A"	"CTT"	"CAT"	"F748I"	"T2242A"	"TTT>ATT"	"Missense"	"ENSP00000474253"
"25ARC890-MyOPool"	"12"	122255481	"G"	"C"	"SETD1B"	1	"G"	"C"	"CGT"	"CCT"	"S1061S"	"G3183C"	"TCG>TCC"	"Synonymous"	"ENSP00000474253"
"25ARC890-MyOPool"	"12"	122257416	"G"	"C"	"SETD1B"	1	"G"	"C"	"CGG"	"CCG"	"S1175S"	"G3525C"	"TCG>TCC"	"Synonymous"	"ENSP00000474253"
"25ARC890-MyOPool"	"12"	122261234	"A"	"C"	"SETD1B"	1	"A"	"C"	"CAC"	"CCC"	"P1583P"	"A4749C"	"CCA>CCC"	"Synonymous"	"ENSP00000474253"
"25ARC890-MyOPool"	"12"	122261380	"A"	"G"	"SETD1B"	1	"A"	"G"	"TAC"	"TGC"	"Y1632C"	"A4895G"	"TAC>TGC"	"Missense"	"ENSP00000474253"
"25ARC890-MyOPool"	"14"	99640816	"C"	"G"	"BCL11B"	-1	"G"	"C"	"CGG"	"CCG"	"R786P"	"G2357C"	"CGG>CCG"	"Missense"	"ENSP00000349723"
"25ARC890-MyOPool"	"14"	99640824	"G"	"C"	"BCL11B"	-1	"C"	"G"	"GCC"	"GGC"	"G783G"	"C2349G"	"GGC>GGG"	"Synonymous"	"ENSP00000349723"
"25ARC890-MyOPool"	"14"	99640832	"C"	"G"	"BCL11B"	-1	"G"	"C"	"CGG"	"CCG"	"G781R"	"G2341C"	"GGC>CGC"	"Missense"	"ENSP00000349723"
"25ARC890-MyOPool"	"14"	99641256	"C"	"G"	"BCL11B"	-1	"G"	"C"	"CGG"	"CCG"	"A639A"	"G1917C"	"GCG>GCC"	"Synonymous"	"ENSP00000349723"
"25ARC890-MyOPool"	"14"	99641656	"-"	"AGCCCGGCA"	"BCL11B"	-1	"."	"."	"."	"."	"."	"1517-1518-insfrshift"	"."	"no-SNV"	"ENSP00000349723"
"25ARC890-MyOPool"	"14"	99641662	"TCGCTGGTGCCGGGCTCGGGG"	"-"	"BCL11B"	-1	"."	"."	"."	"."	"."	"1491-1511-delinframe"	"."	"no-SNV"	"ENSP00000349723"
"25ARC890-MyOPool"	"14"	99641687	"-"	"GGCGGGCGAGGGCCTCAA"	"BCL11B"	-1	"."	"."	"."	"."	"."	"1486-1487-insfrshift"	"."	"no-SNV"	"ENSP00000349723"
"25ARC890-MyOPool"	"14"	99642040	"G"	"C"	"BCL11B"	-1	"C"	"G"	"CCG"	"CGG"	"P378R"	"C1133G"	"CCG>CGG"	"Missense"	"ENSP00000349723"
"25ARC890-MyOPool"	"15"	90631838	"C"	"T"	"IDH2"	-1	"G"	"A"	"AGG"	"AAG"	"R172K"	"G515A"	"AGG>AAG"	"Missense"	"ENSP00000331897"
"25ARC890-MyOPool"	"16"	67670630	"G"	"C"	"CTCF"	1	"G"	"C"	"AGG"	"ACG"	"E625D"	"G1875C"	"GAG>GAC"	"Missense"	"ENSP00000264010"
"25ARC890-MyOPool"	"16"	67670631	"G"	"C"	"CTCF"	1	"G"	"C"	"GGA"	"GCA"	"E626Q"	"G1876C"	"GAG>CAG"	"Missense"	"ENSP00000264010"
"25ARC890-MyOPool"	"17"	1554747	"GGGTTGTCAGC"	"-"	"PRPF8"	-1	"."	"."	"."	"."	"."	"6601-6611-delfrshift"	"."	"no-SNV"	"ENSP00000304350"
"25ARC890-MyOPool"	"17"	1554761	"-"	"GCTGACAACCC"	"PRPF8"	-1	"."	"."	"."	"."	"."	"6597-6598-insfrshift"	"."	"no-SNV"	"ENSP00000304350"
"25ARC890-MyOPool"	"17"	1584927	"A"	"T"	"PRPF8"	-1	"T"	"A"	"CTC"	"CAC"	"T237T"	"T711A"	"ACT>ACA"	"Synonymous"	"ENSP00000304350"
"25ARC890-MyOPool"	"17"	7749394	"A"	"T"	"KDM6B"	1	"A"	"T"	"TAG"	"TTG"	"."	"."	"."	"Essential_Splice"	"ENSP00000254846"
"25ARC890-MyOPool"	"17"	7749405	"T"	"A"	"KDM6B"	1	"T"	"A"	"CTC"	"CAC"	"T82T"	"T246A"	"ACT>ACA"	"Synonymous"	"ENSP00000254846"
"25ARC890-MyOPool"	"17"	7749730	"A"	"T"	"KDM6B"	1	"A"	"T"	"GAA"	"GTA"	"N157Y"	"A469T"	"AAC>TAC"	"Missense"	"ENSP00000254846"
"25ARC890-MyOPool"	"17"	7749801	"A"	"C"	"KDM6B"	1	"A"	"C"	"TAC"	"TCC"	"L180L"	"A540C"	"CTA>CTC"	"Synonymous"	"ENSP00000254846"
"25ARC890-MyOPool"	"17"	7749963	"G"	"C"	"KDM6B"	1	"G"	"C"	"GGT"	"GCT"	"V206L"	"G616C"	"GTG>CTG"	"Missense"	"ENSP00000254846"
"25ARC890-MyOPool"	"17"	7750539	"A"	"C"	"KDM6B"	1	"A"	"C"	"CAG"	"CCG"	"P342P"	"A1026C"	"CCA>CCC"	"Synonymous"	"ENSP00000254846"
"25ARC890-MyOPool"	"17"	7750540	"G"	"C"	"KDM6B"	1	"G"	"C"	"AGG"	"ACG"	"G343R"	"G1027C"	"GGA>CGA"	"Missense"	"ENSP00000254846"
"25ARC890-MyOPool"	"17"	7750545	"A"	"C"	"KDM6B"	1	"A"	"C"	"CAG"	"CCG"	"A344A"	"A1032C"	"GCA>GCC"	"Synonymous"	"ENSP00000254846"
"25ARC890-MyOPool"	"17"	7751025	"T"	"G"	"KDM6B"	1	"T"	"G"	"GTC"	"GGC"	"C473W"	"T1419G"	"TGT>TGG"	"Missense"	"ENSP00000254846"
"25ARC890-MyOPool"	"17"	7751154	"A"	"C"	"KDM6B"	1	"A"	"C"	"CAC"	"CCC"	"P516P"	"A1548C"	"CCA>CCC"	"Synonymous"	"ENSP00000254846"
"25ARC890-MyOPool"	"17"	7751169	"T"	"A"	"KDM6B"	1	"T"	"A"	"ATC"	"AAC"	"H521Q"	"T1563A"	"CAT>CAA"	"Missense"	"ENSP00000254846"
"25ARC890-MyOPool"	"17"	7751496	"-"	"CACCTCGGGGGTCTTTGGGA"	"KDM6B"	1	"."	"."	"."	"."	"."	"1889-1890-insfrshift"	"."	"no-SNV"	"ENSP00000254846"
"25ARC890-MyOPool"	"17"	7751500	"GTCTCCTTCCCAA"	"-"	"KDM6B"	1	"."	"."	"."	"."	"."	"1894-1906-delfrshift"	"."	"no-SNV"	"ENSP00000254846"
"25ARC890-MyOPool"	"17"	7751519	"CCGAGGT"	"-"	"KDM6B"	1	"."	"."	"."	"."	"."	"1913-1919-delfrshift"	"."	"no-SNV"	"ENSP00000254846"
"25ARC890-MyOPool"	"17"	7752003	"-"	"ACGGAGGCCAAGGATTTGAGCAGGCTGG"	"KDM6B"	1	"."	"."	"."	"."	"."	"2396-2397-insfrshift"	"."	"no-SNV"	"ENSP00000254846"
"25ARC890-MyOPool"	"17"	7752008	"CCAGCCTGCTCAAATCCTTGGCCTCCGT"	"-"	"KDM6B"	1	"."	"."	"."	"."	"."	"2402-2429-delfrshift"	"."	"no-SNV"	"ENSP00000254846"
"25ARC890-MyOPool"	"17"	7752300	"G"	"C"	"KDM6B"	1	"G"	"C"	"CGC"	"CCC"	"P898P"	"G2694C"	"CCG>CCC"	"Synonymous"	"ENSP00000254846"
"25ARC890-MyOPool"	"17"	7752306	"A"	"C"	"KDM6B"	1	"A"	"C"	"CAC"	"CCC"	"P900P"	"A2700C"	"CCA>CCC"	"Synonymous"	"ENSP00000254846"
"25ARC890-MyOPool"	"18"	42643501	"T"	"G"	"SETBP1"	1	"T"	"G"	"CTC"	"CGC"	"P1543P"	"T4629G"	"CCT>CCG"	"Synonymous"	"ENSP00000282030"
"25ARC890-MyOPool"	"18"	42643519	"A"	"C"	"SETBP1"	1	"A"	"C"	"GAG"	"GCG"	"R1549R"	"A4647C"	"CGA>CGC"	"Synonymous"	"ENSP00000282030"
"25ARC890-MyOPool"	"19"	855699	"-"	"TCACGTTGAGC"	"ELANE"	1	"."	"."	"."	"."	"."	"501-502-insfrshift"	"."	"no-SNV"	"ENSP00000466090"
"25ARC890-MyOPool"	"19"	856053	"C"	"G"	"ELANE"	1	"C"	"G"	"CCT"	"CGT"	"A231A"	"C693G"	"GCC>GCG"	"Synonymous"	"ENSP00000466090"
"25ARC890-MyOPool"	"19"	856061	"C"	"G"	"ELANE"	1	"C"	"G"	"CCG"	"CGG"	"P234R"	"C701G"	"CCG>CGG"	"Missense"	"ENSP00000466090"
"25ARC890-MyOPool"	"19"	856080	"C"	"G"	"ELANE"	1	"C"	"G"	"ACT"	"AGT"	"N240K"	"C720G"	"AAC>AAG"	"Missense"	"ENSP00000466090"
"25ARC890-MyOPool"	"19"	4047788	"C"	"G"	"ZBTB7A"	-1	"G"	"C"	"GGC"	"GCC"	"A573P"	"G1717C"	"GCC>CCC"	"Missense"	"ENSP00000323670"
"25ARC890-MyOPool"	"19"	4047792	"G"	"C"	"ZBTB7A"	-1	"C"	"G"	"CCG"	"CGG"	"P571P"	"C1713G"	"CCC>CCG"	"Synonymous"	"ENSP00000323670"
"25ARC890-MyOPool"	"19"	4047801	"T"	"A"	"ZBTB7A"	-1	"A"	"T"	"GAG"	"GTG"	"G568G"	"A1704T"	"GGA>GGT"	"Synonymous"	"ENSP00000323670"
"25ARC890-MyOPool"	"19"	4047813	"T"	"A"	"ZBTB7A"	-1	"A"	"T"	"GAG"	"GTG"	"G564G"	"A1692T"	"GGA>GGT"	"Synonymous"	"ENSP00000323670"
"25ARC890-MyOPool"	"19"	4047822	"G"	"C"	"ZBTB7A"	-1	"C"	"G"	"CCG"	"CGG"	"A561A"	"C1683G"	"GCC>GCG"	"Synonymous"	"ENSP00000323670"
"25ARC890-MyOPool"	"19"	4054369	"G"	"A"	"ZBTB7A"	-1	"C"	"T"	"CCC"	"CTC"	"P288S"	"C862T"	"CCC>TCC"	"Missense"	"ENSP00000323670"
"25ARC890-MyOPool"	"19"	4054379	"CGACA"	"-"	"ZBTB7A"	-1	"."	"."	"."	"."	"."	"848-852-delfrshift"	"."	"no-SNV"	"ENSP00000323670"
"25ARC890-MyOPool"	"19"	4054385	"-"	"TGTCG"	"ZBTB7A"	-1	"."	"."	"."	"."	"."	"846-847-insfrshift"	"."	"no-SNV"	"ENSP00000323670"
"25ARC890-MyOPool"	"19"	4054452	"-"	"GCCGA"	"ZBTB7A"	-1	"."	"."	"."	"."	"."	"779-780-insfrshift"	"."	"no-SNV"	"ENSP00000323670"
"25ARC890-MyOPool"	"19"	4054457	"CGGAAAGAGACCCCCGGTGGGGGCGTCCTCATCCCGCTCTGGCCACAGACCCGGGTTGCTGTCGCCCTCGTCCCCGT"	"-"	"ZBTB7A"	-1	"."	"."	"."	"."	"."	"698-774-delfrshift"	"."	"no-SNV"	"ENSP00000323670"
"25ARC890-MyOPool"	"19"	10287991	"G"	"C"	"DNMT1"	-1	"C"	"G"	"CCA"	"CGA"	"T182T"	"C546G"	"ACC>ACG"	"Synonymous"	"ENSP00000352516"
"25ARC890-MyOPool"	"19"	33792753	"A"	"G"	"CEBPA"	-1	"T"	"C"	"CTC"	"CCC"	"S190P"	"T568C"	"TCG>CCG"	"Missense"	"ENSP00000427514"
"25ARC890-MyOPool"	"19"	33792918	"C"	"A"	"CEBPA"	-1	"G"	"T"	"GGC"	"GTC"	"A135S"	"G403T"	"GCC>TCC"	"Missense"	"ENSP00000427514"
"25ARC890-MyOPool"	"19"	56171541	"A"	"C"	"U2AF2"	1	"A"	"C"	"CAG"	"CCG"	"."	"."	"."	"Essential_Splice"	"ENSP00000307863"
"25ARC890-MyOPool"	"19"	56171542	"G"	"C"	"U2AF2"	1	"G"	"C"	"AGC"	"ACC"	"."	"."	"."	"Essential_Splice"	"ENSP00000307863"
"25ARC890-MyOPool"	"19"	56171549	"T"	"A"	"U2AF2"	1	"T"	"A"	"CTT"	"CAT"	"P64P"	"T192A"	"CCT>CCA"	"Synonymous"	"ENSP00000307863"
"25ARC890-MyOPool"	"19"	56171884	"G"	"C"	"U2AF2"	1	"G"	"C"	"CGT"	"CCT"	"R78P"	"G233C"	"CGT>CCT"	"Missense"	"ENSP00000307863"
"25ARC890-MyOPool"	"19"	56173869	"A"	"T"	"U2AF2"	1	"A"	"T"	"GAG"	"GTG"	"E163V"	"A488T"	"GAG>GTG"	"Missense"	"ENSP00000307863"
"25ARC890-MyOPool"	"19"	56173874	"A"	"C"	"U2AF2"	1	"A"	"C"	"CAT"	"CCT"	"M165L"	"A493C"	"ATG>CTG"	"Missense"	"ENSP00000307863"
"25ARC890-MyOPool"	"2"	16082800	"T"	"G"	"MYCN"	1	"T"	"G"	"GTG"	"GGG"	"V205G"	"T614G"	"GTG>GGG"	"Missense"	"ENSP00000281043"
"25ARC890-MyOPool"	"2"	25505490	"TGGGTAATAGCTCTGAGGCGCCTGAGTCCTGGG"	"-"	"DNMT3A"	-1	"."	"."	"."	"."	"."	"236-268-delinframe"	"."	"no-SNV"	"ENSP00000324375"
"25ARC890-MyOPool"	"2"	25505528	"-"	"CCCAGGACTCAGGCGCCTCAGAGCTATTACCCA"	"DNMT3A"	-1	"."	"."	"."	"."	"."	"230-231-insfrshift"	"."	"no-SNV"	"ENSP00000324375"
"25ARC890-MyOPool"	"2"	25967172	"G"	"C"	"ASXL2"	-1	"C"	"G"	"CCG"	"CGG"	"A678A"	"C2034G"	"GCC>GCG"	"Synonymous"	"ENSP00000391447"
"25ARC890-MyOPool"	"2"	25967181	"G"	"C"	"ASXL2"	-1	"C"	"G"	"CCG"	"CGG"	"A675A"	"C2025G"	"GCC>GCG"	"Synonymous"	"ENSP00000391447"
"25ARC890-MyOPool"	"20"	31024150	"C"	"T"	"ASXL1"	1	"C"	"T"	"TCC"	"TTC"	"S1212F"	"C3635T"	"TCC>TTC"	"Missense"	"ENSP00000364839"
"25ARC890-MyOPool"	"21"	36164569	"A"	"T"	"RUNX1"	-1	"T"	"A"	"CTC"	"CAC"	"S436T"	"T1306A"	"TCC>ACC"	"Missense"	"ENSP00000300305"
"25ARC890-MyOPool"	"21"	36164597	"C"	"G"	"RUNX1"	-1	"G"	"C"	"CGC"	"CCC"	"P426P"	"G1278C"	"CCG>CCC"	"Synonymous"	"ENSP00000300305"
"25ARC890-MyOPool"	"22"	28192959	"C"	"G"	"MN1"	-1	"G"	"C"	"GGG"	"GCG"	"G1191G"	"G3573C"	"GGG>GGC"	"Synonymous"	"ENSP00000304956"
"25ARC890-MyOPool"	"22"	28193264	"CTACCCCA"	"-"	"MN1"	-1	"."	"."	"."	"."	"."	"3261-3268-delfrshift"	"."	"no-SNV"	"ENSP00000304956"
"25ARC890-MyOPool"	"22"	28193646	"G"	"A"	"MN1"	-1	"C"	"T"	"ACT"	"ATT"	"Y962Y"	"C2886T"	"TAC>TAT"	"Synonymous"	"ENSP00000304956"
"25ARC890-MyOPool"	"22"	28193879	"-"	"ACCCGGAGGCCCGTCCGGGACCAGT"	"MN1"	-1	"."	"."	"."	"."	"."	"2653-2654-insfrshift"	"."	"no-SNV"	"ENSP00000304956"
"25ARC890-MyOPool"	"22"	28194249	"TGGACCGCTGT"	"-"	"MN1"	-1	"."	"."	"."	"."	"."	"2273-2283-delfrshift"	"."	"no-SNV"	"ENSP00000304956"
"25ARC890-MyOPool"	"22"	28194261	"-"	"ACAGCGGTCCA"	"MN1"	-1	"."	"."	"."	"."	"."	"2271-2272-insfrshift"	"."	"no-SNV"	"ENSP00000304956"
"25ARC890-MyOPool"	"22"	28194268	"G"	"A"	"MN1"	-1	"C"	"T"	"TCC"	"TTC"	"S755F"	"C2264T"	"TCC>TTC"	"Missense"	"ENSP00000304956"
"25ARC890-MyOPool"	"22"	29095824	"A"	"G"	"CHEK2"	-1	"T"	"C"	"GTA"	"GCA"	"."	"."	"."	"Essential_Splice"	"ENSP00000372023"
"25ARC890-MyOPool"	"22"	29130516	"GTCTCTAAG"	"-"	"CHEK2"	-1	"."	"."	"."	"."	"."	"186-194-delinframe"	"."	"no-SNV"	"ENSP00000372023"
"25ARC890-MyOPool"	"22"	29130529	"-"	"CCTTAGAGA"	"CHEK2"	-1	"."	"."	"."	"."	"."	"181-182-insfrshift"	"."	"no-SNV"	"ENSP00000372023"
"25ARC890-MyOPool"	"22"	30731451	"C"	"G"	"SF3A1"	-1	"G"	"C"	"AGT"	"ACT"	"."	"."	"."	"Essential_Splice"	"ENSP00000215793"
"25ARC890-MyOPool"	"22"	30737827	"G"	"C"	"SF3A1"	-1	"C"	"G"	"CCT"	"CGT"	"L309V"	"C925G"	"CTC>GTC"	"Missense"	"ENSP00000215793"
"25ARC890-MyOPool"	"22"	30752779	"CATGACTGCGACGCTCAGGGCTGCCAGTCCGCCTCGGTGT"	"-"	"SF3A1"	-1	"."	"."	"."	"."	"."	"1-3-delinframe"	"."	"no-SNV"	"ENSP00000215793"
"25ARC890-MyOPool"	"3"	41275354	"T"	"C"	"CTNNB1"	1	"T"	"C"	"ATA"	"ACA"	"I507T"	"T1520C"	"ATA>ACA"	"Missense"	"ENSP00000385604"
"25ARC890-MyOPool"	"4"	164050112	"A"	"G"	"NAF1"	-1	"T"	"C"	"CTC"	"CCC"	"P474P"	"T1422C"	"CCT>CCC"	"Synonymous"	"ENSP00000274054"
"25ARC890-MyOPool"	"4"	164050112	"A"	"T"	"NAF1"	-1	"T"	"A"	"CTC"	"CAC"	"P474P"	"T1422A"	"CCT>CCA"	"Synonymous"	"ENSP00000274054"
"25ARC890-MyOPool"	"4"	164050118	"A"	"G"	"NAF1"	-1	"T"	"C"	"CTC"	"CCC"	"P472P"	"T1416C"	"CCT>CCC"	"Synonymous"	"ENSP00000274054"
"25ARC890-MyOPool"	"4"	164050118	"A"	"T"	"NAF1"	-1	"T"	"A"	"CTC"	"CAC"	"P472P"	"T1416A"	"CCT>CCA"	"Synonymous"	"ENSP00000274054"
"25ARC890-MyOPool"	"4"	164050124	"T"	"G"	"NAF1"	-1	"A"	"C"	"CAC"	"CCC"	"P470P"	"A1410C"	"CCA>CCC"	"Synonymous"	"ENSP00000274054"
"25ARC890-MyOPool"	"4"	164050196	"A"	"G"	"NAF1"	-1	"T"	"C"	"CTG"	"CCG"	"P446P"	"T1338C"	"CCT>CCC"	"Synonymous"	"ENSP00000274054"
"25ARC890-MyOPool"	"4"	164050205	"T"	"G"	"NAF1"	-1	"A"	"C"	"CAC"	"CCC"	"P443P"	"A1329C"	"CCA>CCC"	"Synonymous"	"ENSP00000274054"
"25ARC890-MyOPool"	"4"	164050211	"T"	"G"	"NAF1"	-1	"A"	"C"	"CAC"	"CCC"	"P441P"	"A1323C"	"CCA>CCC"	"Synonymous"	"ENSP00000274054"
"25ARC890-MyOPool"	"4"	164050217	"T"	"G"	"NAF1"	-1	"A"	"C"	"CAC"	"CCC"	"P439P"	"A1317C"	"CCA>CCC"	"Synonymous"	"ENSP00000274054"
"25ARC890-MyOPool"	"4"	164087548	"A"	"C"	"NAF1"	-1	"T"	"G"	"TTG"	"TGG"	"L111W"	"T332G"	"TTG>TGG"	"Missense"	"ENSP00000274054"
"25ARC890-MyOPool"	"5"	176942964	"T"	"G"	"DDX41"	-1	"A"	"C"	"TAA"	"TCA"	"K152Q"	"A454C"	"AAG>CAG"	"Missense"	"ENSP00000330349"
"25ARC890-MyOPool"	"5"	176943721	"CTCACCAGTAGCTGCCGGCGCTGCCGTAACGGCACATAGGGCACG"	"-"	"DDX41"	-1	"."	"."	"."	"."	"."	"153-192-delfrshift"	"."	"no-SNV"	"ENSP00000330349"
"25ARC890-MyOPool"	"6"	41905014	"A"	"G"	"CCND3"	-1	"T"	"C"	"GTC"	"GCC"	"V178A"	"T533C"	"GTC>GCC"	"Missense"	"ENSP00000362082"
"25ARC890-MyOPool"	"6"	79787188	"G"	"T"	"PHIP"	-1	"C"	"A"	"GCA"	"GAA"	"H56N"	"C166A"	"CAT>AAT"	"Missense"	"ENSP00000275034"
"25ARC890-MyOPool"	"7"	92760803	"C"	"G"	"SAMD9L"	-1	"G"	"C"	"AGC"	"ACC"	"E1494D"	"G4482C"	"GAG>GAC"	"Missense"	"ENSP00000326247"
"25ARC890-MyOPool"	"7"	101838869	"A"	"G"	"CUX1"	1	"A"	"G"	"AAC"	"AGC"	"N414S"	"A1241G"	"AAC>AGC"	"Missense"	"ENSP00000353401"
"25ARC890-MyOPool"	"7"	101891786	"-"	"TCCACGCCGTCGCAGCTGTCGCCCTCCGAGCT"	"CUX1"	1	"."	"."	"."	"."	"."	"4014-4015-insfrshift"	"."	"no-SNV"	"ENSP00000353401"
"25ARC890-MyOPool"	"7"	101891798	"AGCTCGGAGGGCGACAGCTGCGACGGCGTGGA"	"-"	"CUX1"	1	"."	"."	"."	"."	"."	"4027-4058-delfrshift"	"."	"no-SNV"	"ENSP00000353401"
"25ARC890-MyOPool"	"7"	101892020	"G"	"A"	"CUX1"	1	"G"	"A"	"CGC"	"CAC"	"A1417T"	"G4249A"	"GCC>ACC"	"Missense"	"ENSP00000353401"
"25ARC890-MyOPool"	"8"	77618380	"T"	"A"	"ZFHX4"	1	"T"	"A"	"CTT"	"CAT"	"L686H"	"T2057A"	"CTT>CAT"	"Missense"	"ENSP00000430497"
"25ARC890-MyOPool"	"8"	77618381	"T"	"A"	"ZFHX4"	1	"T"	"A"	"TTG"	"TAG"	"L686L"	"T2058A"	"CTT>CTA"	"Synonymous"	"ENSP00000430497"
"25ARC890-MyOPool"	"8"	77618385	"C"	"T"	"ZFHX4"	1	"C"	"T"	"CCG"	"CTG"	"R688W"	"C2062T"	"CGG>TGG"	"Missense"	"ENSP00000430497"
"25ARC890-MyOPool"	"8"	77764432	"TCTGCCACATTTGGG"	"-"	"ZFHX4"	1	"."	"."	"."	"."	"."	"5275-5289-delinframe"	"."	"no-SNV"	"ENSP00000430497"
"25ARC890-MyOPool"	"8"	77764448	"-"	"CCCAAATGTGGCAGA"	"ZFHX4"	1	"."	"."	"."	"."	"."	"5290-5291-insfrshift"	"."	"no-SNV"	"ENSP00000430497"
"25ARC890-MyOPool"	"8"	77765289	"A"	"C"	"ZFHX4"	1	"A"	"C"	"CAC"	"CCC"	"P2044P"	"A6132C"	"CCA>CCC"	"Synonymous"	"ENSP00000430497"
"25ARC890-MyOPool"	"8"	77765292	"A"	"C"	"ZFHX4"	1	"A"	"C"	"CAC"	"CCC"	"P2045P"	"A6135C"	"CCA>CCC"	"Synonymous"	"ENSP00000430497"
"25ARC890-MyOPool"	"8"	77765331	"T"	"A"	"ZFHX4"	1	"T"	"A"	"CTC"	"CAC"	"P2058P"	"T6174A"	"CCT>CCA"	"Synonymous"	"ENSP00000430497"
"25ARC890-MyOPool"	"8"	77765340	"T"	"A"	"ZFHX4"	1	"T"	"A"	"CTT"	"CAT"	"P2061P"	"T6183A"	"CCT>CCA"	"Synonymous"	"ENSP00000430497"
"25ARC890-MyOPool"	"8"	77775823	"T"	"G"	"ZFHX4"	1	"T"	"G"	"GTG"	"GGG"	"C3291W"	"T9873G"	"TGT>TGG"	"Missense"	"ENSP00000430497"
"25ARC890-MyOPool"	"9"	86586805	"-"	"GGCGGCCGGGGTGGTAGCAGAGCTCGGAATCTTCCTCTTCCTCCACCACCACCACCTAGAG"	"HNRNPK"	-1	"."	"."	"."	"."	"."	"945-946-insfrshift"	"."	"no-SNV"	"ENSP00000365458"
"25ARC890-MyOPool"	"X"	39932950	"-"	"AGTTCATCA"	"BCOR"	-1	"."	"."	"."	"."	"."	"1649-1650-insfrshift"	"."	"no-SNV"	"ENSP00000367705"
"25ARC890-MyOPool"	"X"	39932955	"GCCCATG"	"-"	"BCOR"	-1	"."	"."	"."	"."	"."	"1638-1644-delfrshift"	"."	"no-SNV"	"ENSP00000367705"
"25ARC890-MyOPool"	"X"	39932965	"-"	"CATGGGC"	"BCOR"	-1	"."	"."	"."	"."	"."	"1634-1635-insfrshift"	"."	"no-SNV"	"ENSP00000367705"
"25ARC890-MyOPool"	"X"	39932970	"TGATGAACT"	"-"	"BCOR"	-1	"."	"."	"."	"."	"."	"1621-1629-delinframe"	"."	"no-SNV"	"ENSP00000367705"
"25ARC890-MyOPool"	"X"	39933693	"G"	"C"	"BCOR"	-1	"C"	"G"	"ACG"	"AGG"	"H302Q"	"C906G"	"CAC>CAG"	"Missense"	"ENSP00000367705"
"25ARC890-MyOPool"	"X"	44929119	"-"	"CATCTGCCGTCATCTGATGGACATGATTAGGAAGTCCCTCGA"	"KDM6A"	1	"."	"."	"."	"."	"."	"2239-2240-insfrshift"	"."	"no-SNV"	"ENSP00000372355"
"25ARC890-MyOPool"	"X"	44966704	"C"	"G"	"KDM6A"	1	"C"	"G"	"TCT"	"TGT"	"L1317V"	"C3949G"	"CTC>GTC"	"Missense"	"ENSP00000372355"
"25ARC890-MyOPool"	"X"	48652268	"-"	"A"	"GATA1"	1	"."	"."	"."	"."	"."	"938-939-insfrshift"	"."	"no-SNV"	"ENSP00000365858"
"25ARC890-MyOPool"	"X"	55039926	"A"	"G"	"ALAS2"	-1	"T"	"C"	"ATT"	"ACT"	"D531D"	"T1593C"	"GAT>GAC"	"Synonymous"	"ENSP00000332369"
"25ARC890-MyOPool"	"X"	123195624	"T"	"A"	"STAG2"	1	"T"	"A"	"CTA"	"CAA"	"L513Q"	"T1538A"	"CTA>CAA"	"Missense"	"ENSP00000218089"
"25ARC890-MyOPool"	"X"	123195635	"C"	"A"	"STAG2"	1	"C"	"A"	"GCA"	"GAA"	"Q517K"	"C1549A"	"CAA>AAA"	"Missense"	"ENSP00000218089"
"25ARC890-MyOPool"	"X"	129146613	"A"	"C"	"BCORL1"	1	"A"	"C"	"CAG"	"CCG"	"Q49P"	"A146C"	"CAG>CCG"	"Missense"	"ENSP00000307541"
"25ARC890-MyOPool"	"X"	129147072	"-"	"CAGGGGCACCAA"	"BCORL1"	1	"."	"."	"."	"."	"."	"323-324-insfrshift"	"."	"no-SNV"	"ENSP00000307541"
"25ARC890-MyOPool"	"X"	129147077	"GCTTCTTGGTGC"	"-"	"BCORL1"	1	"."	"."	"."	"."	"."	"329-340-delinframe"	"."	"no-SNV"	"ENSP00000307541"
"25ARC890-MyOPool"	"X"	129147874	"T"	"A"	"BCORL1"	1	"T"	"A"	"CTT"	"CAT"	"F376I"	"T1126A"	"TTT>ATT"	"Missense"	"ENSP00000307541"
"25ARC890-MyOPool"	"X"	129148192	"-"	"AGGTAGGA"	"BCORL1"	1	"."	"."	"."	"."	"."	"1443-1444-insfrshift"	"."	"no-SNV"	"ENSP00000307541"
"25ARC890-MyOPool"	"X"	129148195	"TCCTACCT"	"-"	"BCORL1"	1	"."	"."	"."	"."	"."	"1447-1454-delfrshift"	"."	"no-SNV"	"ENSP00000307541"
"25ARC890-MyOPool"	"X"	129162819	"G"	"A"	"BCORL1"	1	"G"	"A"	"CGT"	"CAT"	"V1430I"	"G4288A"	"GTC>ATC"	"Missense"	"ENSP00000307541"
